jc593@cam.ac.uk = James Crosby
jc593@pip.srcf.ucam.org = James Crosby
james@james-2.local = James Crosby
james@softthere.com = James Crosby
jc593@red-herring = James Crosby
james.crosby@camhydro.co.uk = James Crosby

jw682 = Jason Wyatt
Jason@Jason-Laptop.robinson.private.cam.ac.uk = Jason Wyatt
jw682@cam.ac.uk = Jason Wyatt
"Jason Wyatt" = Jason Wyatt
Jason@Jason-Laptop = Jason Wyatt

 = Andy Pritchard
andypritchard@cantab.net = Andy Pritchard
andy@designfive.co.uk = Andy Pritchard
andy.pritchard@camhydro.co.uk = Andy Pritchard

ls426@cam.ac.uk = Leszek Swirski

dy245@cam.ac.uk = Douglas Young

jeb90@cam.ac.uk = James Buckley

hugo@hjmv2pc.eng.cam.ac.uk = Hugo Vincent
hugo.vincent@gmail.com = Hugo Vincent

nick@unknown-00-19-e3-32-52-be.home = Nick Westlake
nick@cam.ac.uk = Nick Westlake
Nick Westlake (nw292@cam.ac.uk) = Nick Westlake

aph36@cam.ac.uk = Andy Howlett
aph36 = Andy Howlett

thwl2@cam.ac.uk = Tim Hin Wai Lui
thwl2 = Tim Hin Wai Lui
Tim = Tim Hin Wai Lui

aj382@cam.ac.uk = Arnoldas

mg574 = Marco

an336@cam.ac.uk = Andrew Newbold

dk362@cam.ac.uk = Dan Kalotay
d.kalotay@gmail.com = Dan Kalotay

jesse@doonitz = Jesse Doonitz

cw395@pip.srcf.ucam.org = Clemens?
